{"RGB":{"0":[0,0,0],"1":[1,1,1],"0.22941176470588234":[1,0,0],"0.25882352941176473":[1,0.9098039215686274,0],"0.2735294117647059":[1,1,1]},"Alpha":{"0":0,"1":0,"0.1588235294117647":0,"0.22941176470588234":1,"0.25882352941176473":0.9982336956521739,"0.2735294117647059":0,"0.5529411764705883":0}}